{"doc_id": "27fc111c-f072-4cb2-8b31-9b9d074cb082", "doc_name": "Untitled", "doc_version": "c39c74b35fb3aa6b4d9886b82f9f8cc4", "format": "tf", "version": 20, "inputs": {"Image": {"dtype": "float32", "shape": [null, 224, 224, 3], "name": "Image:0"}}, "outputs": {"Confidences": {"dtype": "float32", "shape": [null, 2], "name": "27fc111c-f072-4cb2-8b31-9b9d074cb082.69d5eea7-1589-4ce9-8c28-5714e918a24e/dense_2/Softmax:0"}}, "tags": ["serve"], "classes": {"Label": ["negatif", "possitif"]}, "filename": "saved_model.pb", "export_model_version": 1}